{
    "time": 76.7872314453125,
    "vx": -0.00032196289976127446,
    "vy": 0.000003616247568061226,
    "vz": 0.000027176462026545778,
    "fom": 0.0006300417589955032,
    "altitude": 0.18486595153808594,
    "transducers": [
        {
            "id": 0,
            "velocity": -0.00007525738328695297,
            "distance": 0.22420001029968262,
            "rssi": -41.31503677368164,
            "nsd": -96.30579376220703,
            "beam_valid": true
        },
        {
            "id": 1,
            "velocity": 0.00043700519017875195,
            "distance": 0.2832000255584717,
            "rssi": -35.15789794921875,
            "nsd": -95.66007995605469,
            "beam_valid": true
        },
        {
            "id": 2,
            "velocity": -0.00039610499516129494,
            "distance": 0.11800000071525574,
            "rssi": -49.564998626708984,
            "nsd": -96.72905731201172,
            "beam_valid": true
        },
        {
            "id": 3,
            "velocity": 0.0002194414846599102,
            "distance": 0.14160001277923584,
            "rssi": -37.52872848510742,
            "nsd": -90.13951873779297,
            "beam_valid": true
        }
    ],
    "velocity_valid": true,
    "status": 0,
    "format": "json_v2",
    "type": "velocity"
}